1p1, pi, pni
32.943969,29.683163, 60.237291
32.943969,29.683163, 60.237291
94.422854,31.096471, 94.297864
95.225046,42.396457, 50.501198
93.605274,94.732453, 82.002499
